Rank	Team	Valuation	Revenue	Owner(s)
1	New York Liberty	$400M	$25M	"Joe Tsai, Clara Wu Tsai"
2	Indiana Fever	$370M	$32M	Herb Simon
3	Seattle Storm	$330M	$21M	"Lisa Brummel, Ginny Gilder, Dawn Trudeau"
4	Las Vegas Aces	$310M	$22M	Mark Davis
5	Phoenix Mercury	$300M	$25M	Mat Ishbia
6	Dallas Wings	$250M	$15M	Bill Cameron
7	Chicago Sky	$240M	$16M	Michael Alter
8	Los Angeles Sparks	$235M	$16M	Eric Holoman
9	Minnesota Lynx	$230M	$16M	"Glen Taylor, Marc Lore, Alex Rodriguez"
10	Washington Mystics	$205M	$13M	Ted Leonsis
11	Connecticut Sun	$200M	$14M	Mohegan Tribe
12	Atlanta Dream	$190M	$11M	"Gottesdiener, Abair, Renee Montgomery"
